--------------------------------------------------------
--  Sample Group/Channel heirarchy
--------------------------------------------------------
SET DEFINE OFF;

Insert into RSS.GROUPS (ID,TITLE) values (10,'MLB');
Insert into RSS.GROUPS (ID,TITLE) values (15,'NFL');
Insert into RSS.GROUPS (ID,TITLE) values (19,'NBA');

Insert into RSS.CHANNELS (ID,TITLE,LINK,DESCRIPTION,LANGUAGE,RATING,COPYRIGHT,PUBLISH_DATE,LAST_BUILD_DATE,GENERATOR,DOCS,CLOUD,TTL,MANAGING_EDITOR,WEB_MASTER) values (11,'Texas Rangers','.com','<p><span style="color: #252525; font-family: sans-serif; font-size: 14px; line-height: 22.3999996185303px;">The&nbsp;</span><strong style="color: #252525; font-family: sans-serif; font-size: 14px; line-height: 22.3999996185303px;">Texas Rangers</strong><span style="color: #252525; font-family: sans-serif; font-size: 14px; line-height: 22.3999996185303px;">&nbsp;are a&nbsp;</span><a style="text-decoration: none; color: #0b0080; font-family: sans-serif; font-size: 14px; line-height: 22.3999996185303px; background-image: none; background-attachment: initial; background-size: initial; background-origin: initial; background-clip: initial; background-position: initial; background-repeat: initial;" title="Professional baseball" href="https://en.wikipedia.org/wiki/Professional_baseball">professional baseball team</a><span style="color: #252525; font-family: sans-serif; font-size: 14px; line-height: 22.3999996185303px;">&nbsp;located in the&nbsp;</span><a class="mw-redirect" style="text-decoration: none; color: #0b0080; font-family: sans-serif; font-size: 14px; line-height: 22.3999996185303px; background-image: none; background-attachment: initial; background-size: initial; background-origin: initial; background-clip: initial; background-position: initial; background-repeat: initial;" title="Dallas-Fort Worth Metroplex" href="https://en.wikipedia.org/wiki/Dallas-Fort_Worth_Metroplex">Dallas-Fort Worth Metroplex</a><span style="color: #252525; font-family: sans-serif; font-size: 14px; line-height: 22.3999996185303px;">, based in&nbsp;</span><a style="text-decoration: none; color: #0b0080; font-family: sans-serif; font-size: 14px; line-height: 22.3999996185303px; background-image: none; background-attachment: initial; background-size: initial; background-origin: initial; background-clip: initial; background-position: initial; background-repeat: initial;" title="Arlington, Texas" href="https://en.wikipedia.org/wiki/Arlington,_Texas">Arlington, Texas</a><span style="color: #252525; font-family: sans-serif; font-size: 14px; line-height: 22.3999996185303px;">.</span></p>','English',null,null,null,to_date('23-JUN-15','DD-MON-RR'),'CTL RSS FEEDER',null,null,null,null,null);
Insert into RSS.CHANNELS (ID,TITLE,LINK,DESCRIPTION,LANGUAGE,RATING,COPYRIGHT,PUBLISH_DATE,LAST_BUILD_DATE,GENERATOR,DOCS,CLOUD,TTL,MANAGING_EDITOR,WEB_MASTER) values (12,'Kansas City Royals','.com','<p><span style="color: #252525; font-family: sans-serif; font-size: 14px; line-height: 22.3999996185303px;">The&nbsp;</span><strong style="color: #252525; font-family: sans-serif; font-size: 14px; line-height: 22.3999996185303px;">Kansas City Royals</strong><span style="color: #252525; font-family: sans-serif; font-size: 14px; line-height: 22.3999996185303px;">&nbsp;are an American&nbsp;</span><a style="text-decoration: none; color: #0b0080; font-family: sans-serif; font-size: 14px; line-height: 22.3999996185303px; background-image: none; background-attachment: initial; background-size: initial; background-origin: initial; background-clip: initial; background-position: initial; background-repeat: initial;" title="Professional baseball" href="https://en.wikipedia.org/wiki/Professional_baseball">professional baseball</a><span style="color: #252525; font-family: sans-serif; font-size: 14px; line-height: 22.3999996185303px;">&nbsp;team based in&nbsp;</span><a style="text-decoration: none; color: #0b0080; font-family: sans-serif; font-size: 14px; line-height: 22.3999996185303px; background-image: none; background-attachment: initial; background-size: initial; background-origin: initial; background-clip: initial; background-position: initial; background-repeat: initial;" title="Kansas City, Missouri" href="https://en.wikipedia.org/wiki/Kansas_City,_Missouri">Kansas City, Missouri</a><span style="color: #252525; font-family: sans-serif; font-size: 14px; line-height: 22.3999996185303px;">.</span></p>','English',null,null,null,to_date('23-JUN-15','DD-MON-RR'),'CTL RSS FEEDER',null,null,null,null,null);
Insert into RSS.CHANNELS (ID,TITLE,LINK,DESCRIPTION,LANGUAGE,RATING,COPYRIGHT,PUBLISH_DATE,LAST_BUILD_DATE,GENERATOR,DOCS,CLOUD,TTL,MANAGING_EDITOR,WEB_MASTER) values (13,'Loner','.com','<p>This channel is not a part of a group</p>','English',null,null,null,to_date('23-JUN-15','DD-MON-RR'),'CTL RSS FEEDER',null,null,null,null,null);
Insert into RSS.CHANNELS (ID,TITLE,LINK,DESCRIPTION,LANGUAGE,RATING,COPYRIGHT,PUBLISH_DATE,LAST_BUILD_DATE,GENERATOR,DOCS,CLOUD,TTL,MANAGING_EDITOR,WEB_MASTER) values (14,'Colorado Rockies','.com','<p><span style="color: #222222; font-family: arial, sans-serif; font-size: 13px; line-height: 16.1200008392334px;">The Colorado Rockies are an American professional baseball franchise based in Denver, Colorado.</span></p>','English',null,null,null,to_date('23-JUN-15','DD-MON-RR'),'CTL RSS FEEDER',null,null,null,null,null);
Insert into RSS.CHANNELS (ID,TITLE,LINK,DESCRIPTION,LANGUAGE,RATING,COPYRIGHT,PUBLISH_DATE,LAST_BUILD_DATE,GENERATOR,DOCS,CLOUD,TTL,MANAGING_EDITOR,WEB_MASTER) values (16,'New Orleans Saints','.com','<p><span style="color: #252525; font-family: sans-serif; font-size: 14px; line-height: 22.3999996185303px;">The&nbsp;</span><strong style="color: #252525; font-family: sans-serif; font-size: 14px; line-height: 22.3999996185303px;">New Orleans Saints</strong><span style="color: #252525; font-family: sans-serif; font-size: 14px; line-height: 22.3999996185303px;">&nbsp;are a professional&nbsp;</span><a style="text-decoration: none; color: #0b0080; font-family: sans-serif; font-size: 14px; line-height: 22.3999996185303px; background-image: none; background-attachment: initial; background-size: initial; background-origin: initial; background-clip: initial; background-position: initial; background-repeat: initial;" title="American football" href="https://en.wikipedia.org/wiki/American_football">American football</a><span style="color: #252525; font-family: sans-serif; font-size: 14px; line-height: 22.3999996185303px;">&nbsp;team based in&nbsp;</span><a style="text-decoration: none; color: #0b0080; font-family: sans-serif; font-size: 14px; line-height: 22.3999996185303px; background-image: none; background-attachment: initial; background-size: initial; background-origin: initial; background-clip: initial; background-position: initial; background-repeat: initial;" title="New Orleans" href="https://en.wikipedia.org/wiki/New_Orleans">New Orleans</a><span style="color: #252525; font-family: sans-serif; font-size: 14px; line-height: 22.3999996185303px;">,&nbsp;</span><a style="text-decoration: none; color: #0b0080; font-family: sans-serif; font-size: 14px; line-height: 22.3999996185303px; background-image: none; background-attachment: initial; background-size: initial; background-origin: initial; background-clip: initial; background-position: initial; background-repeat: initial;" title="Louisiana" href="https://en.wikipedia.org/wiki/Louisiana">Louisiana</a><span style="color: #252525; font-family: sans-serif; font-size: 14px; line-height: 22.3999996185303px;">.</span></p>','English',null,null,null,to_date('23-JUN-15','DD-MON-RR'),'CTL RSS FEEDER',null,null,null,null,null);
Insert into RSS.CHANNELS (ID,TITLE,LINK,DESCRIPTION,LANGUAGE,RATING,COPYRIGHT,PUBLISH_DATE,LAST_BUILD_DATE,GENERATOR,DOCS,CLOUD,TTL,MANAGING_EDITOR,WEB_MASTER) values (17,'Denver Broncos','.com','<p><span style="color: #222222; font-family: arial, sans-serif; font-size: 16px; line-height: 19.2000007629395px;">The&nbsp;</span><strong style="color: #222222; font-family: arial, sans-serif; font-size: 16px; line-height: 19.2000007629395px;">Denver Broncos</strong><span style="color: #222222; font-family: arial, sans-serif; font-size: 16px; line-height: 19.2000007629395px;">&nbsp;are a professional American football team based in Denver, Colorado.</span></p>','English',null,null,null,to_date('23-JUN-15','DD-MON-RR'),'CTL RSS FEEDER',null,null,null,null,null);
Insert into RSS.CHANNELS (ID,TITLE,LINK,DESCRIPTION,LANGUAGE,RATING,COPYRIGHT,PUBLISH_DATE,LAST_BUILD_DATE,GENERATOR,DOCS,CLOUD,TTL,MANAGING_EDITOR,WEB_MASTER) values (18,'Kansas City Chiefs','.com','<p><span style="color: #222222; font-family: arial, sans-serif; font-size: 16px; line-height: 19.8400001525879px;">The&nbsp;</span><strong style="color: #222222; font-family: arial, sans-serif; font-size: 16px; line-height: 19.8400001525879px;">Kansas City Chiefs</strong><span style="color: #222222; font-family: arial, sans-serif; font-size: 16px; line-height: 19.8400001525879px;">&nbsp;are a professional American football team in Kansas City, Missouri.&nbsp;</span></p>','English',null,null,null,to_date('23-JUN-15','DD-MON-RR'),'CTL RSS FEEDER',null,null,null,null,null);
Insert into RSS.CHANNELS (ID,TITLE,LINK,DESCRIPTION,LANGUAGE,RATING,COPYRIGHT,PUBLISH_DATE,LAST_BUILD_DATE,GENERATOR,DOCS,CLOUD,TTL,MANAGING_EDITOR,WEB_MASTER) values (20,'New Orleans Pelicans','.com','<p><span style="color: #252525; font-family: sans-serif; font-size: 14px; line-height: 22.3999996185303px;">The&nbsp;</span><strong style="color: #252525; font-family: sans-serif; font-size: 14px; line-height: 22.3999996185303px;">New Orleans Pelicans</strong><span style="color: #252525; font-family: sans-serif; font-size: 14px; line-height: 22.3999996185303px;">&nbsp;are an American professional&nbsp;</span><a style="text-decoration: none; color: #0b0080; font-family: sans-serif; font-size: 14px; line-height: 22.3999996185303px; background-image: none; background-attachment: initial; background-size: initial; background-origin: initial; background-clip: initial; background-position: initial; background-repeat: initial;" title="Basketball" href="https://en.wikipedia.org/wiki/Basketball">basketball</a><span style="color: #252525; font-family: sans-serif; font-size: 14px; line-height: 22.3999996185303px;">&nbsp;team based in&nbsp;</span><a style="text-decoration: none; color: #0b0080; font-family: sans-serif; font-size: 14px; line-height: 22.3999996185303px; background-image: none; background-attachment: initial; background-size: initial; background-origin: initial; background-clip: initial; background-position: initial; background-repeat: initial;" title="New Orleans" href="https://en.wikipedia.org/wiki/New_Orleans">New Orleans</a><span style="color: #252525; font-family: sans-serif; font-size: 14px; line-height: 22.3999996185303px;">,&nbsp;</span><a style="text-decoration: none; color: #0b0080; font-family: sans-serif; font-size: 14px; line-height: 22.3999996185303px; background-image: none; background-attachment: initial; background-size: initial; background-origin: initial; background-clip: initial; background-position: initial; background-repeat: initial;" title="Louisiana" href="https://en.wikipedia.org/wiki/Louisiana">Louisiana</a><span style="color: #252525; font-family: sans-serif; font-size: 14px; line-height: 22.3999996185303px;">, that competes in the&nbsp;</span><a style="text-decoration: none; color: #0b0080; font-family: sans-serif; font-size: 14px; line-height: 22.3999996185303px; background-image: none; background-attachment: initial; background-size: initial; background-origin: initial; background-clip: initial; background-position: initial; background-repeat: initial;" title="National Basketball Association" href="https://en.wikipedia.org/wiki/National_Basketball_Association">National Basketball Association</a><span style="color: #252525; font-family: sans-serif; font-size: 14px; line-height: 22.3999996185303px;">&nbsp;(NBA).</span></p>','English',null,null,null,to_date('23-JUN-15','DD-MON-RR'),'CTL RSS FEEDER',null,null,null,null,null);
Insert into RSS.CHANNELS (ID,TITLE,LINK,DESCRIPTION,LANGUAGE,RATING,COPYRIGHT,PUBLISH_DATE,LAST_BUILD_DATE,GENERATOR,DOCS,CLOUD,TTL,MANAGING_EDITOR,WEB_MASTER) values (21,'Denver Nuggets','.com','<p><span style="color: #252525; font-family: sans-serif; font-size: 14px; line-height: 22.3999996185303px;">The&nbsp;</span><strong style="color: #252525; font-family: sans-serif; font-size: 14px; line-height: 22.3999996185303px;">Denver Nuggets</strong><span style="color: #252525; font-family: sans-serif; font-size: 14px; line-height: 22.3999996185303px;">&nbsp;are a professional basketball team based in&nbsp;</span><a style="color: #0b0080; font-family: sans-serif; font-size: 14px; line-height: 22.3999996185303px; background-image: none; background-attachment: initial; background-size: initial; background-origin: initial; background-clip: initial; background-position: initial; background-repeat: initial;" title="Denver" href="https://en.wikipedia.org/wiki/Denver">Denver</a><span style="color: #252525; font-family: sans-serif; font-size: 14px; line-height: 22.3999996185303px;">,&nbsp;</span><a style="text-decoration: none; color: #0b0080; font-family: sans-serif; font-size: 14px; line-height: 22.3999996185303px; background-image: none; background-attachment: initial; background-size: initial; background-origin: initial; background-clip: initial; background-position: initial; background-repeat: initial;" title="Colorado" href="https://en.wikipedia.org/wiki/Colorado">Colorado</a><span style="color: #252525; font-family: sans-serif; font-size: 14px; line-height: 22.3999996185303px;">.</span></p>','English',null,null,null,to_date('23-JUN-15','DD-MON-RR'),'CTL RSS FEEDER',null,null,null,null,null);
Insert into RSS.CHANNELS (ID,TITLE,LINK,DESCRIPTION,LANGUAGE,RATING,COPYRIGHT,PUBLISH_DATE,LAST_BUILD_DATE,GENERATOR,DOCS,CLOUD,TTL,MANAGING_EDITOR,WEB_MASTER) values (22,'Dallas Mavericks','.com','<p><span style="color: #252525; font-family: sans-serif; font-size: 14px; line-height: 22.3999996185303px;">The&nbsp;</span><strong style="color: #252525; font-family: sans-serif; font-size: 14px; line-height: 22.3999996185303px;">Dallas Mavericks</strong><span style="color: #252525; font-family: sans-serif; font-size: 14px; line-height: 22.3999996185303px;">&nbsp;(often referred to as the&nbsp;</span><strong style="color: #252525; font-family: sans-serif; font-size: 14px; line-height: 22.3999996185303px;">Mavs</strong><span style="color: #252525; font-family: sans-serif; font-size: 14px; line-height: 22.3999996185303px;">) are a professional basketball team based in&nbsp;</span><a style="text-decoration: none; color: #0b0080; font-family: sans-serif; font-size: 14px; line-height: 22.3999996185303px; background-image: none; background-attachment: initial; background-size: initial; background-origin: initial; background-clip: initial; background-position: initial; background-repeat: initial;" title="Dallas" href="https://en.wikipedia.org/wiki/Dallas">Dallas</a><span style="color: #252525; font-family: sans-serif; font-size: 14px; line-height: 22.3999996185303px;">,&nbsp;</span><a style="text-decoration: none; color: #0b0080; font-family: sans-serif; font-size: 14px; line-height: 22.3999996185303px; background-image: none; background-attachment: initial; background-size: initial; background-origin: initial; background-clip: initial; background-position: initial; background-repeat: initial;" title="Texas" href="https://en.wikipedia.org/wiki/Texas">Texas</a><span style="color: #252525; font-family: sans-serif; font-size: 14px; line-height: 22.3999996185303px;">.</span></p>','English',null,null,null,to_date('23-JUN-15','DD-MON-RR'),'CTL RSS FEEDER',null,null,null,null,null);

Insert into RSS.GROUP_CHANNELS (GROUP_ID,CHANNEL_ID) values (10,11);
Insert into RSS.GROUP_CHANNELS (GROUP_ID,CHANNEL_ID) values (10,12);
Insert into RSS.GROUP_CHANNELS (GROUP_ID,CHANNEL_ID) values (0,13);
Insert into RSS.GROUP_CHANNELS (GROUP_ID,CHANNEL_ID) values (10,14);
Insert into RSS.GROUP_CHANNELS (GROUP_ID,CHANNEL_ID) values (15,16);
Insert into RSS.GROUP_CHANNELS (GROUP_ID,CHANNEL_ID) values (15,17);
Insert into RSS.GROUP_CHANNELS (GROUP_ID,CHANNEL_ID) values (15,18);
Insert into RSS.GROUP_CHANNELS (GROUP_ID,CHANNEL_ID) values (19,20);
Insert into RSS.GROUP_CHANNELS (GROUP_ID,CHANNEL_ID) values (19,21);
Insert into RSS.GROUP_CHANNELS (GROUP_ID,CHANNEL_ID) values (19,22);

commit;
